news_headline,news_article,news_category
7-foot penis-shaped wooden sculpture goes missing from German town,"German police have opened an investigation into the disappearance of a large penis-shaped wooden sculpture from a town. The sculpture, which turned up several years ago, even appeared on Google Maps, where it was classified as a ""cultural monument"". Local newspaper AllgÃ¤uer Zeitung said the nearly 7-foot sculpture appeared to have been chopped down leaving behind a pile of sawdust.",world
Japan's Mitsubishi buys minority stake in TVS' logistics arm,"Japanese automotive manufacturer Mitsubishi has bought a minority stake in two-wheeler manufacturer TVS' logistics arm, TVS Supply Chain Solutions for an undisclosed sum. Mitsubishi's investment will help Tata Opportunities Fund secure a partial exit. ""Through...Mitsubishi Corporation, we aim to accelerate our growth in the years to come,"" said R Dinesh, Managing Director, TVS SCS.",automobile
"Jaguar Land Rover seeks US ban on Audi, other SUVs for patent infringement","Jaguar Land Rover (JLR) has urged the US to impose an import ban on SUVs made by Volkswagen-owned brands such as Audi, Porsche and Lamborghini over allegations they infringe its Terrain Response patent. Porsche Cayenne, Volkswagen Tiguan and Audi Q8, Q7 and Q5 are some of the cars that JLR has requested to ban.",automobile
Facebook could soon face its 1st antitrust suit by US govt: Report,"Facebook could soon face the first antitrust action against it by the US government as federal and state authorities are preparing to file new lawsuits against Facebook and Google, WSJ reported. The authorities are probing if the firms abused their power in the internet economy and are readying as many as four cases by January-end.",technology
Smith isn't that far away from Kohli: Gambhir on best ODI batsman ever,"Ex-India opener Gautam Gambhir has said that Australia batsman Steve Smith is not far behind Virat Kohli in the ""best ODI batsman in the world ever"" discussion. ""Getting...two back to back hundreds in 60 balls is no joke. Yes, Kohli will always have better numbers but look at the impact Smith has had in the last two games,"" he added.",sports
Coronavirus vaccination in US will not be mandatory: Biden,US President-elect Joe Biden on Friday said that coronavirus vaccination in the country would not be mandatory when one becomes available. Biden added that he's willing to take a COVID-19 vaccine in public to prove it's safe and effective. The US is the worst coronavirus-hit country in the world with over 1.4 crore COVID-19 cases and over 2.7 lakh deaths.,world
Will leave politics if there's any trouble on MSP: Haryana CM to Punjab CM,"Haryana CM Manohar Lal Khattar told Punjab CM Captain Amarinder Singh that he'll ""leave politics if there'll be any trouble on the MSP"" and urged him to ""stop inciting innocent farmers"". ""You're only tweeting and running away from talks, Why?"" asked Khattar. Earlier, Singh condemned Haryana government's ""forcible attempts"" to prevent farmers from marching to Delhi against the farm laws.",politics
Actors can't be on set and be paranoid about COVID-19: Dia,"Actress Dia Mirza, who's shooting for a series amid the coronavirus pandemic, has said when she decided to resume work, she made sure that there were protocols in place to ensure the highest level of safety. ""But after a while, you've to let go...You can't be on...set and be paranoid about the fact that you might contract (coronavirus),"" she added.",entertainment
Increase in trafficking of women due to pandemic: Nobel laureate,"The COVID-19 pandemic has increased human trafficking of women and gender-based violence, Nobel Peace Prize laureate Nadia Murad has said. ""As a result, women's health and safety are on the line"", she added. Murad, who was forced into sexual slavery by Islamic State fighters in Iraq, said that the lockdowns and curfews ""have had unintended consequences on women worldwide"".",world
"President Kovind, PM Modi extend greetings on Guru Nanak Jayanti","President Ram Nath Kovind and Prime Minister Narendra Modi have extended greetings to nation on Guru Nanak Jayanti. PM Modi tweeted, ""I bow to Sri Guru Nanak Dev Ji on his Parkash Purab. May his thoughts keep motivating us to serve society and ensure a better planet."" President Kovind urged citizens to emulate Guru Nanak Dev's teachings in their conduct.",politics
Bengal govt will have to answer: Shah on attack on Naddaâ€™s convoy,"Union Home Minister Amit Shah on Thursday, while reacting to the alleged attack on the convoy of BJP chief JP Nadda in West Bengal, said, ""Bengal government will have to answer to the...people of the state for this sponsored violence."" ""However much we condemn this incident, it is less. The central government is taking this attack very seriously,"" Shah added.",politics
China's AutoX to test self-driving vehicles in 4 more Chinese cities,"China's autonomous vehicle startup AutoX, which is backed by Alibaba, said it's preparing for tests in Beijing, western Chongqing and two other cities and will soon test its technology with FCA's Pacifica minivan. CEO Jianxiong Xiao said AutoX will also soon start testing driverless vehicles in China. AutoX had earlier received a permit for driverless testing in California.",automobile
Scientists rediscover chameleon species after 100 yrs in Madagascar,"An expedition led by the Munich State Zoological Collection tracked the rare Voeltzkow's chameleon in northwest Madagascar, after it was lost for over 100 years. Genetic studies have shown that the species is most closely related to Labord's chameleon. The team also discovered previously unknown females of the species, who, especially during pregnancy, put on an ""extremely magnificent colour"".",science
Will send him a text tonight: Kohli as video of his 6 with ABD-like shot goes viral,"A video of India captain Virat Kohli hitting a six off Australia pacer Andrew Tye with an AB de Villiers-like scoop shot in the second T20I went viral. In the post-match presentation, Kohli said, ""It was a bit of funny moment, I surprised myself there."" He added, ""I'll send ABD a text tonight and see what he thinks of it.""",sports
BJP releases manifesto for Hyderabad civic body elections,"Former Maharashtra CM Devendra Fadnavis on Thursday released the BJP manifesto for the Greater Hyderabad Municipal Corporation (GHMC) polls. ""Corporation will...ensure no one will have to run to any private hospital for the [COVID-19] vaccine,"" Fadnavis said. He added that planned development for the city and free travel for women are some of the important steps promised in the manifesto.",politics
"AB de Villiers becomes father for the third time, shares pic of newborn daughter","Former South Africa captain AB de Villiers took to Instagram to reveal that he and his wife Danielle have become parents for the third time. Sharing a picture, De Villiers wrote, ""On 11-11-2020, we welcomed a beautiful baby girl into the world...Yente de Villiers, you are the perfect addition to our family."" The duo have two sons together.",sports
Men never molested women at home according to him: Sona on Mukesh's remark,"Singer Sona Mohapatra has criticised actor Mukesh Khanna's remark wherein he said that the ""MeToo problem began when women stepped out to work"". ""Men never ever molested or assaulted women and children inside homes according to this fellow who is best ignored. Tacky [mandbuddhi],"" she tweeted. ""The sad truth is there are...more such regressive mindsets around us everywhere,"" Sona added.",entertainment
OTT has been a turning point in my career: Vikrant Massey,"Talking about OTT platforms, actor Vikrant Massey said, ""It has been a massive change."" The actor, who has worked in web shows like 'Criminal Justice' and 'Mirzapur', added, ""In a lot of ways OTT has been a turning point in my career."" ""I'm really thankful that I did things that I did and it worked out,"" Vikrant further said.",entertainment
"I do some films for money, so that I can do good cinema for free: Siddiqui","During a recent interview, actor Nawazuddin Siddiqui mentioned that he has done some films solely for money so that he can do ""good cinema"" for free. ""I did it for Manto, I didn't take any [money]. But for that three-four months process, I have to either do a film for money before or after it for a balance,"" he explained.",entertainment
I mistook urine leaking from Russian probe for UFO: Astronaut Tim Peake,"British astronaut Tim Peake has revealed he thought he saw a UFO in space before he realised it was actually droplets of urine leaking from a Russian probe vehicle. ""What was happening was liquid leaking out, crystallising instantly and reflecting the light,"" he said. In 2015, Peake became the first British astronaut to join the International Space Station.",science
"Data of 10L Swedes accidentally shared with Google, Facebook: Folksam","Sweden-based insurance company Folksam on Tuesday said it accidentally leaked private data of around 10 lakh customers to tech companies like Google, Facebook, Microsoft and LinkedIn. Folksam said it immediately stopped sharing the personal information and has requested it to be deleted. There's no indication that the information has been used by third parties in an improper manner, it added.",technology
Delhi govt launches forum to discuss electric vehicle policy,"Delhi government on Friday launched the 'Delhi EV Forum', a common platform for multiple stakeholders to hold discussions on the government's electric vehicle (EV) policy. ""Delhi EV Forum will be the first such forum in India...The first meeting will be held virtually on December 18,"" Delhi DDC Vice Chairperson said. The policy's objective is to combat air pollution in Delhi.",automobile
"Punjab, WB also have film cities, will Yogi visit them too?: Raut","Following a meeting between Akshay Kumar and UP CM Yogi Adityanath, Shiv Sena's Sanjay Raut said, ""It's not easy to shift Mumbai's film city to another place."" Raut added, ""There are film cities in WB and Punjab too. Will Yogi Ji also visit these places and talk to directors/ artists or is he going to do so only in Mumbai?""",politics
Coral reef taller than Eiffel Tower found in Australia: Scientists,"Schmidt Ocean Institute has announced that scientists have discovered a detached coral reef, taller than the Eiffel Tower and the Empire State Building, in the Great Barrier Reef. The 500 metre-high reef is the first of its size to be discovered in over 120 years in the area. It adds to the seven other tall detached reefs in the area.",science
I keep challenging myself because after a while the magic fades: Rahman,"Stating that the only way to fight boredom is reinvention, music composer AR Rahman added, ""I keep challenging myself because after a while, the magic fades and the brain becomes numb."" He further said, ""We have to find ways to stand out in order to break the monotony.""  Rahman also noted it's natural for humans to get bored.",entertainment
YouTuber Bhuvan Bam tests positive for coronavirus,"YouTuber Bhuvan Bam, who runs the popular YouTube channel 'BB Ki Vines', took to Instagram on Sunday to share the news that he has tested positive for coronavirus. ""Beetey kuch dino se tabiyat kharab chal rahi hai (I have been feeling unwell for a while). Test results have come and I am COVID-19 positive,"" the 26-year-old YouTuber wrote on Instagram.",entertainment
All rules are applicable to everyone else other than Kohli: Sehwag on team changes,"Criticising ""frequent"" changes made in Team India by captain Virat Kohli, former India opener Virender Sehwag said, ""All the rules are applicable to everyone else other than Kohli, no rule is applicable to him."" He added, ""Neither his batting order is changed nor is he left out or given break when he is out of form. So, that is wrong.â€",sports
We welcome farmers to Delhi & stand with them in this battle: AAP,"After the protesting farmers were allowed to enter Delhi through Tikri border, the Aam Aadmi Party said that they welcome farmers and stand with them ""in this battle"". ""We will take full care of the farmers and make all necessary arrangements for them,"" AAP tweeted. The party added that CM Arvind Kejriwal is personally monitoring arrangements being made in Burari.",politics
"Suhana recreates Ariana's look from new album for Halloween, shares pic","Shah Rukh Khan's daughter Suhana Khan recreated Ariana Grande's look from her new album 'Positions' for Halloween and posted the picture on Instagram stories. She paired a crop top with a skirt and also wore a black hairband to copy the Grammy-winner's hairstyle. ""Being Ariana every Halloween. Manifestation,"" she wrote in the caption.",entertainment
"Anushka does shirshasana during pregnancy with Kohli's support, shares throwback pic","Anushka Sharma took to social media to share a throwback picture of herself doing shirshasana during her pregnancy with the support of her husband Virat Kohli. ""[I] used the wall for support and also my very able husband supporting my balance, to be extra safe,"" she wrote. She added, ""I'm so glad I could continue my practice through my pregnancy.""",sports
Gayle should be in playing XI from game one in IPL 2021: KXIP co-owner Wadia,"Kings XI Punjab co-owner Ness Wadia has said that Chris Gayle should feature in playing XI from game one in the next IPL. ""Gayle demonstrated [in IPL 2020] that he should play every game next season,"" Wadia added. Gayle featured in seven of KXIP's 14 matches in IPL 2020 and scored 288 runs.",sports
Self-driving drone with 70% reusable system for launching satellites unveiled,"US-based startup Aevum has unveiled a fully self-driving drone, Ravn X, designed to deliver satellites to space as fast as every three hours. Aevum claims Ravn X is the world's largest Unmanned Aircraft System (UAS) by mass. It added that 70% of Ravn X's system is reusable and it aims for 95% reusability in future.",science
"Grammy-winning singer Lizzo shares pic in just US flag, pens post on US election","Grammy-winning American singer Lizzo shared a picture wearing just half of an American flag-jumpsuit and penned a note on US elections. The outfit was designed by Rey Ortiz in collaboration with Lizzo's stylist, Marko Monroe. According to Marko, the portion of the jumpsuit printed with the flag represents the percentage of people who didn't vote in the previous presidential election.",entertainment
Barcelona to be fined after Messi's tribute to Maradona: Reports,"Barcelona will reportedly pay a fine of $3,600 after Lionel Messi paid tribute to Diego Maradona on Sunday by celebrating in a Newell's Old Boys jersey. Messi took off Barcelona's blue-and-burgundy strip to reveal the red-and-black of Newell's after scoring a goal against Osasuna. But the touching tribute was against the rules of the Royal Spanish Football Federation.",sports
Giving statements to media is loss to the party: Tariq Anwar on Sibal,"After Congress leader Kapil Sibal criticised the party's performance in Bihar Assembly polls, General Secretary Tariq Anwar said, ""If he is giving a statement in the media, it will only be a loss to the party."" He added, ""If the party lacks something and he wants to give a suggestion, he should meet the party high command and president.""",politics
Dutt's daughter responds after being asked to comment on his past drug addiction,"Sanjay Dutt's daughter Trishala replied to an Instagram user who asked her to comment on her father's past drug addiction as a psychotherapist. ""Addiction is a chronic disease characterised by drug...use that's compulsive,"" she wrote. ""He'll always be in recovery...Even though he's not using anymore. I'm proud of my father for...seeking help...There's nothing...to be ashamed about,"" she added.",entertainment
Lawnmower robot in Germany messages owner as thief tries to steal it,"A lawnmower robot in Germany sent a message to its owner that it had flipped upside down while a thief tried to steal it. The owner spotted a thief with the robot tucked under his arm when he went outside to the lawn to check on the device. Caught in the act, the thief dropped the lawnmower robot and escaped.",technology
Do elderly women in farmer protests look like Khalistanis?: SAD chief,"Shiromani Akali Dal (SAD) President Sukhbir Singh Badal on Thursday said that there are elderly women in the farmers' protests. He added, ""Do they look like Khalistanis? It is a way of calling farmers of the country as anti-nationals."" Badal further said, ""Does BJP or anybody else have the right to declare anybody as anti-national?""",politics
"Trump supporter made fake Twitter accounts, raised $7K for LGBT campaign","A 21-year-old man who created fake accounts on Twitter and impersonated US President Donald Trump's family members was reportedly able to raise $7,384 for a non-existent ""Gay Voices for Trump"" campaign. A parody account run by Josh Hall even prompted President Trump to retweet an article falsely claiming that his sister, Elizabeth Trump Grau, had joined Twitter to support him.",technology
Detained Hong Kong pro-democracy activist Agnes Chow denied bail,"A Hong Kong court on Wednesday denied bail to pro-democracy activist Agnes Chow, who was arrested last week. Chow was appealing against her 10-month prison sentence after pleading guilty to her role in a siege of police headquarters during anti-government protests in June last year. Chow, along with activists Joshua Wong and Ivan Lam, was sentenced on December 2.",world
Researchers 3D print working boat a third of the thickness of a hair,"Researchers at the Netherlands' Leiden University have 3D printed a little boat measuring 30 micrometres, about a third of the thickness of a hair. The researchers also printed spiral-shaped particles, which rotate along while they are propelled through the water. The 3D-printed boat is part of an exploration of microswimmers like bacteria and sperm.",science
MI break record for playing the most number of T20 matches,"Mumbai Indians have broken the record for playing the most number of T20 matches, with the IPL 2020 match against Delhi Capitals being their 222nd T20 match. They overtook English county side Somerset, who have played 221 matches. English county side Hampshire are third on the list, having played 217 T20 matches.",sports
Mink mass graves in Denmark might contaminate groundwater: Study,A study commissioned by Denmark's Environmental Protection Agency states that decomposing mink buried in dirt pits following a nationwide cull might contaminate groundwater. Danish government ordered a cull of some 1.7 crore mink in November after hundreds of farms suffered outbreaks of coronavirus. Authorities buried some of the mink in pits in a military area under two metres of soil.,world
"Shaheer, Ruchikaa share first pictures after court marriage","Shaheer Sheikh and Ruchikaa Kapoor have shared first pictures from their court wedding on social media. In the pictures, Shaheer can be seen in white kurta-pyjama and sunglasses, and Ruchikaa in light blue salwar kameez. ""Off on an adventure called Forever...#HappilyEverAfter #ForeverPerson,"" Ruchikaa wrote with a heart emoji on Instagram.",entertainment
Indian-American Raja Chari among 18 astronauts selected for next moon missions,"Indian-American astronaut Raja Chari is among the 18 astronauts selected to begin training for upcoming Artemis missions to the moon, NASA announced on Wednesday. The first woman and the next man on the moon will come from this group of 18 astronauts. ""Proud to be part of the team working to take humans to the moon to stay,"" Chari tweeted.",science
"Sushant issue has not faded, CBI is investigating: Bihar CM Nitish","Bihar Chief Minister Nitish Kumar has said that the death case of Bollywood actor Sushant Singh Rajput has not faded away due to the state Assembly elections. He said, ""The CBI is investigating the case. It is the CBI's duty, and everything is being done."" He added, ""CBI will probe the case, we are now busy in the elections.""",politics
Canada approves use of Pfizer/BioNTech coronavirus vaccine,"After the UK and Bahrain, Canada has approved the Pfizer/BioNtech COVID-19 vaccine for widespread use. Regulator Health Canada said the vaccine was approved ""after a thorough, independent review of the evidence"". The country's Saskatchewan province is expected to receive enough doses to vaccinate 1,950 health workers by Tuesday. Canada will receive up to 2,49,000 doses of the vaccine this month.",world
Czech search engine seeks $417 mn from Google over competition claims,"The Czech Republic's web search platform Seznam is seeking 9.072 billion crowns ($417 million) in damages from Google alleging it restricted competition. A Google spokesperson said they haven't yet received the claim and added that Google does not unfairly favour its own services. Users are not locked in and competition is just one click away on the internet, Google said.",technology
I get messages asking me to sleep with or marry someone: Aditi Sanwal on casting couch,"Talking about casting couch, 'Kasautii Zindagii Kay 2' actress Aditi Sanwal said that she often receives vulgar messages from people claiming to be casting agents. ""Sometimes I receive messages asking me to sleep with or marry someone,"" she added. Aditi further said, ""I donâ€™t even think such people are genuine, so I just block them.""",entertainment
Man's lie caused South Australia lockdown where 1 per family can go out,South Australia's lockdown where only one person from a household is allowed to leave home was caused by a man's lie to contact tracers. The man said he was a customer at a pizza shop when in fact he worked several shifts there with another COVID-19-infected worker. Authorities assumed he caught a highly contagious strain during a very short exposure.,world
Japan's greenhouse emissions fell 2.7% to record low in FY 2019-20,Japan's greenhouse gas emissions fell 2.7% to a record low in the financial year 2019-20. The drop was Japan's sixth straight annual drop. Emissions dropped to 1.213 billion metric tonnes of CO2 equivalent from 1.247 billion tonnes the previous year. The levels recorded are the lowest since comparable data became available in the financial year 1990-91.,science
I'm against censorship on digital platforms: Sumeet,"Speaking about the Ministry of Information and Broadcasting regulating streaming platforms, actor Sumeet Vyas stated that he stands against censorship. ""This is a very undemocratic move...we do have a right to information and the freedom to speech,"" he said. While he opposed censorship, Sumeet added, ""I...support...rating process. Series and films...on OTT should be rated according to age.""",entertainment
Tesla reveals women comprise 17% of its total US leadership roles,"Tesla revealed in its first-ever US diversity report that women comprise 17% of the company's leadership roles and 21% of the overall workforce. It added that Black people make up 4% of its US leadership roles and 10% of its total workforce. ""While women are historically underrepresented...we recognise we have work to do in this area,"" Tesla said.",technology
Man held after dumping human head in recycle bin in Spain; video surfaces,"A man was spotted dumping a human head in a recycling bin in Spain's Huelva and was arrested from a nearby flat, where the officers also discovered the body of the dead man. Police were alerted when the accused was seen carrying the head that was poking out of a bag, with some witnesses mistaking it as a Halloween joke.",world
France to investigate 76 mosques suspected of 'separatism',"France will investigate 76 mosques suspected of fomenting Islamist ideology as part of its action against ""separatism"", Interior Minister GÃ©rald Darmanin said. Where suspicions are confirmed, the mosque will be closed down, he added. The action comes after several Islamist attacks in France recently, including the beheading of a teacher who had shown his class caricatures of Prophet Muhammad.",world
Pak's Raza Hasan expelled from domestic cricket season for COVID-19 breach,"Pakistan spinner Raza Hasan was sent home from the Quaid-e-Azam Trophy after he left the bio-bubble at a hotel without clearance. ""It is sad and unfortunate that despite several reminders...Raza Hasan decided to take matters in his hand and overstepped the line,"" said PCB. ""He has been expelled from the tournament and won't be allowed for remaining season,"" PCB added.",sports
"TRS wins 55 seats, BJP 48 and AIMIM 44 in GHMC polls","The results for 149 of 150 seats of Greater Hyderabad Municipal Corporation (GHMC) have been declared, with TRS winning 55 seats, BJP recording a victory in 48 seats and AIMIM in 44 seats. Congress managed to win two seats in the polls. At least 76 seats are required by a party or an alliance of parties to secure a majority.",politics
Japan's spacecraft sends capsule with asteroid samples towards Earth,"Japan's Hayabusa2 spacecraft successfully separated a capsule and sent it towards Earth to deliver samples from asteroid Ryugu. Hayabusa2 left the asteroid Ryugu, about 300 million kilometres away, a year ago. The capsule is now descending to land in a remote, sparsely populated area of Woomera, Australia. Hayabusa2 spacecraft had launched six years ago from Earth.",science
Paris sees 700-km traffic jams hours before second lockdown,"Paris region saw traffic jams with a combined length of around 700 kilometres on Thursday evening, just hours before France entered its second coronavirus lockdown. Traffic jams were also reported around the cities of Lyon and Bordeaux in the hours prior to the lockdown taking effect. Many Parisians left the city to spend lockdown in the countryside, French media reported.",world
"Trump loses 133,000 Twitter followers in 2 weeks, Biden gains 1.1 mn","President Donald Trump has lost 133,902 followers since November 17 while president-elect Joe Biden has gained around 1.15 million, according to Factbase. The website, which tracks Donald Trump's social media activities closely, has measured small declines for Trump for 11 days in a row now. Trump currently has 88.8 million followers, while Joe Biden has 20.2 million.",world
US attorneyâ€™s office is investigating my tax affairs: Hunter Biden,"US President-elect Joe Biden's son Hunter Biden on Wednesday said US attorney's office in Delaware is investigating his ""tax affairs"". Hunter said he took the case ""very seriously"" but was confident an ""objective review"" would demonstrate that he handled his affairs ""legally and appropriately"". Biden's transition team in a statement said that the president-elect was ""deeply proud of his son"".",world
Actor & Gangs of Wasseypur writer Zeishan booked for cheating producer of â‚¹1.5cr,"The Mumbai Police has registered an FIR against actor and writer Zeishan Quadri. A co-producer had filed a complaint against him for allegedly cheating him of â‚¹1.5 crore, which the producer claimed he and another friend had invested in a web series that Quadri was supposedly making. Quadri co-wrote and starred in Anurag Kashyap's 'Gangs of Wasseypur'.",entertainment
US-led West attempting to undermine our ties with India: Russia,"Russian Foreign Minister Sergei Lavrov has accused the US-led West of trying to ""undermine"" its close and privileged ties with India. He also alleged that the US is putting ""tough pressure"" on India to undermine Indo-Russian cooperation in the military and technical area. He further accused the West of engaging India in ""anti-China games"" through the Quad and Indo-Pacific construct.",world
"Till the time Bumrah, Shami are there, India can rock Aus top order: Aakash","Cricketer-turned-commentator Aakash Chopra has said that till the time Jasprit Bumrah and Mohammad Shami lead the team's pace attack, India will have the ability to rock Australia's top order in the upcoming Test series. ""As they say, fast bowlers hunt in pairs. So, your pair is already ready,"" he added. First Test will begin at Adelaide on December 17.",sports
"Google, Apple, 44 others support challenge to block H-1B visa changes","Google, Apple and 44 other US firms and organisations filed an amicus brief supporting a lawsuit challenging upcoming rule changes to H-1B visa eligibility. The lawsuit was recently filed by the US Chamber of Commerce along with others, including 12 organisations and universities. The rules will ""stifle the ability of American companies to hire and retain global talent"", Twitter said.",world
Salman shot London Dreams concert scenes in spite of losing his dogs: Director,"Director Vipul Amrutlal Shah, while recalling the shooting of his 2009 film 'London Dreams', said, ""We'd two days of shooting sequences of musical concerts, one month apart from each other."" He added, ""Both...times, Salman (Khan) lost his dogs. In spite of losing dogs...he continued to shoot and after pack up at 6-7 am, he...completed the funeral...and reported back...at 4 pm.""",entertainment
"Bollywood lacks spine, should stand with their community: Vijender on farmers' protest","Amid the ongoing farmers' protests against the recently passed agricultural bills by the government, boxer Vijender Singh has criticised Bollywood for not supporting the farmers. ""When the oil prices were hitting the roof back in 2014, celebrities like Amitabh Bachchan and Akshay Kumar, were extremely critical of the then government...and now...they are nowhere to be found,"" he said.",entertainment
Parineeti shares tweet of 1st film announcement as she completes 9yrs in B'wood,"Actress Parineeti Chopra, who made her debut with 'Ladies vs Ricky Bahl', on Wednesday completed nine years in the film industry. Taking to social media, the actress shared the old tweets of her first film announcement. ""HOW IT STARTED. 9 years...Thank you,"" she captioned the post. Parineeti will be next seen in 'Sandeep Aur Pinky Faraar' and 'Saina'.",entertainment
Japan's greenhouse emissions fell 2.7% to record low in FY 2019-20,Japan's greenhouse gas emissions fell 2.7% to a record low in the financial year 2019-20. The drop was Japan's sixth straight annual drop. Emissions dropped to 1.213 billion metric tonnes of CO2 equivalent from 1.247 billion tonnes the previous year. The levels recorded are the lowest since comparable data became available in the financial year 1990-91.,science
"18 Trump rallies led to over 30k COVID-19 cases, likely over 700 deaths: Study","About 18 election rallies by US President Donald Trump between June 20 and September 22 are estimated to have led to over 30,000 coronavirus cases and likely led to around 700 deaths, a study by Stanford University researchers stated. The communities in which Trump rallies took place paid a high price in terms of disease and death, the researchers said.",world
Google illegally spied on workers before firing them: US labour board,US' National Labor Relations Board (NLRB) issued a complaint on Wednesday accusing Google of illegally surveilling and questioning workers who were fired for protesting against its policies and attempting to organise a union. NLRB also found Google's policies for accessing documents and its tactics for investigating employees unlawful. Google said it was confident it acted legally.,technology
Italy fines Apple $12M for 'misleading' water-resistant iPhone ads,"Italy's antitrust body has fined Apple $12 million for ""aggressive and misleading"" commercial practices regarding iPhones. The regulator said Apple advertised that several iPhone models were water-resistant without clarifying they were only so under certain circumstances. It added that Apple's disclaimer of the models not being covered by warranty in case of damage from liquids tricked clients.",technology
Apple sued for $217M in EU for 'planned' slowing down of iPhones,"Apple is facing lawsuits in European countries seeking $217 million for the ""planned"" slowing down of older iPhone 6 devices. ""Apple pushed updates to mask problems with the battery, knowing it would slow down phones,"" Els Bruggeman, Euroconsumers' head of policy and enforcement claimed. A similar lawsuit was filed in US where Apple agreed to pay $113 million in settlement.",technology
"Paolo Rossi, who won 1982 FIFA World Cup with Italy, dies at 64","Ex-Italian footballer Paolo Rossi, who guided his national team to victory in the 1982 World Cup died at the age of 64. The news of Rossi's death was first reported by Italian media on Thursday, later his wife confirmed it on Instagram. Rossi scored six goals in the 1982 edition after he almost missed the tournament due to a ban.",sports
IISc and Indian Oil sign MoU for hydrogen generation technology,"Bengaluru's IISc and the Indian Oil Corporation signed an MoU to develop and demonstrate biomass gasification-based hydrogen generation technology. The developed technology will be scaled up and demonstrated at Indian Oil's R&D Centre at Faridabad. Hydrogen generated from this demonstration plant will be used to power fuel cell buses as part of a ""bigger project"" being conceived by Indian Oil.",technology
US family welcomes baby born from embryo frozen for 27 years,"A US family revealed they welcomed a baby girl in late October this year from an embryo that was frozen in October 1992 and remained frozen until February this year. In February, Tina and Ben Gibson of Tennessee adopted the embryo. The National Embryo Donation Center claims it set the record for the longest-frozen embryo to ever come to birth.",science
"I really didn't know what misogynistic meant, how can I dislike women: Pandya","Reacting to being called a 'misogynist' following 'Koffee With Karan' controversy, Team India all-rounder Hardik Pandya said, ""I really didnâ€™t know what 'misogynistic' meant...I laughed thinking it was some word being used to make fun of me."" He added, ""How can I dislike women? Mom, sister, sister-in-law, Natasa...theyâ€™re all women. I adore them. My home is all about women.""",sports
WHO hopes to have 500 mn COVID-19 vaccine doses by March: Scientist,"WHO chief scientist Soumya Swaminathan said they hope to have 500 million doses of COVID-19 vaccine for distribution by March 2021 through its global COVAX plan. The goal is to get at least 2 billion doses by end of 2021, which will vaccinate 20% of the populations of countries part of COVAX, she added. WHO's COVAX programme includes 189 countries.",world
Japan to fund AI matchmaking systems to fight falling birth rate,"Japan is funding sophisticated artificial intelligence (AI) systems to fight country's falling birth rate, the Yomiuri Shimbun newspaper said. As per government data, number of marriages fell by 2,00,000 in Japan between 2000 and 2019. The latest funding will allow access to systems that pair people with potential partners irrespective of the age and income conditions imposed by the participants.",world
Congress defeats BJP to win Nagpur Graduate constituency in MLC polls,"Congress candidate Abhijit Wanjarri on Friday won the Nagpur division Graduate constituency in Maharashtra Legislative Council elections. Wanjarri defeated the opposition party BJP's candidate to secure the seat. BJP fought on 6 seats that went to polls on December 1, while the Congress contested on three seats.",politics
Amazon firing manufacturing staff working on drone project: Report,"Amazon is reportedly laying off dozens of research and development and manufacturing staff working on the delivery drone project called ""Amazon Prime Air"" and turning to external manufacturers. It has reached tentative deals with Spain and Austria's aerospace companies to manufacture component parts for its drones, FT reported. Amazon plans to use electric drones to deliver packages under 2.3 kg.",technology
Before and after pics show collapse of world's 2nd largest radio telescope,Space tech company Maxar has shared before and after satellite images of the world's second-largest single-dish radio telescope at the Arecibo Observatory in Puerto Rico which collapsed recently. It had suffered damages due to tropical winds in August following which one of the suspension cables snapped last month. A decision to dismantle the structure had been taken before it collapsed.,science
NCP dismisses reports of Sharad Pawar replacing Sonia as UPA chief,"The Nationalist Congress Party (NCP) on Thursday dismissed reports of party chief Sharad Pawar replacing Congress President Sonia Gandhi as the chairperson of the United Progressive Alliance (UPA). ""The reports appearing in the media seem to have been planted with vested interest to divert the attention from the ongoing farmers' agitation,"" NCP chief spokesperson Mahesh Tapase said.",politics
Michael Schumacher's son Mick to race for Haas in 2021 F1 season,"Mick Schumacher, son of seven-time world champion Michael Schumacher, will be racing for Haas in the next Formula One season. The 21-year-old German signed a multi-year agreement and will partner Russian Nikita Mazepin. ""The prospect of being on the Formula One grid next year makes me incredibly happy...I'm simply speechless,"" said Mick. He is currently leading the Formula Two championship.",sports
'Zero' didn't show the trauma & tragedy of a dwarf: Actor Lilliput,"Actor Lilliput, who was recently seen in 'Mirzapur 2', has said Shah Rukh Khan's 2018 film 'Zero' didn't show the trauma and tragedy of a dwarf. ""Anushka Sharma played a woman with...far more tragic story than him (Shah Rukh)...She couldn't speak or walk,"" he added. ""He was the one jumping around...what problem does he have? Even...script was weird,"" said Lilliput.",entertainment
We're going to have more vaccines than we can possibly use: Elon Musk,"In a recent interview, Tesla and SpaceX CEO Elon Musk said, ""We're going to have so many (COVID-19) vaccines, we won't know what to do with them. More...than we can possibly use."" Musk has earlier been criticised for saying ""the coronavirus panic is dumb"" and even claiming the US will see ""close to zero new cases"" by April 2020.",technology
AstraZeneca to test combining Oxford vaccine with Sputnik V vaccine,"AstraZeneca, which is developing a coronavirus vaccine with Oxford University, said it would investigate combining its vaccine with Russia's Sputnik V vaccine. ""Being able to combine different vaccines may be helpful to improve protection and/or to improve vaccine accessibility,"" AstraZeneca said. A 'mix and match' trial between AstraZeneca and Pfizer's COVID-19 vaccines was announced earlier.",science
There is one sitting at home: Hardik Pandya on India looking for another all-rounder,"Addressing India's want for another all-rounder following the first Australia-India ODI, Hardik Pandya said, ""Maybe we should look in...Pandya family only. There's one sitting at home."" He was referring to his brother Krunal, who wasn't selected in any of the Team India squads for Australia tour. Hardik added that he doesn't want to risk injury by rushing back to bowling.",sports
Mexico picks first woman to coordinate fight against drug cartels,"Mexican President Andres Manuel Lopez Obrador has chosen a woman to lead the security ministry for the first time, making her in charge of coordinating the fight against drug cartels and other criminals. Rosa Icela Rodriguez currently oversees Mexico's ports. Her nomination comes days after former Mexican Defence Minister General Salvador Cienfuegos' arrest in the US on drug trafficking charges.",world
Dhoni ends IPL 2020 as his statistically worst IPL season ever,"CSK captain MS Dhoni ended his IPL 2020 campaign as statistically his worst IPL season ever, scoring 200 runs. He slammed seven sixes in the tournament, his fewest in an IPL season. Further, this is the first time he failed to hit a fifty in an IPL season. His batting average of 25 is his lowest in an IPL season.",sports
Japan must compensate ex-Nissan Chairman for arbitrary arrest: UN panel,"The UN Working Group on Arbitrary Detention on Monday ruled that Former Nissan Chairman Carlos Ghosn's multiple arrests and detentions in Japan were ""arbitrary"" and urged Japanese government to pay compensation. Japan said the panel doesn't have an ""accurate understanding of the country's criminal justice system"". Ghosn, who was arrested in 2018 in Japan, fled to Lebanon last year.",automobile
Cricket South Africa's bio-bubble didn't appear to be bio-secure: Ashley Giles,"England's director of cricket Ashley Giles questioned Cricket South Africa's bio-secure bubble that wasn't effective enough to keep infections away. ""We were coming into a bio-secure environment and from very early on it appeared it wasn't bio-secure,"" Giles said. On Monday, England tour of South Africa became the first bilateral series to be suspended since resumption of cricket in July.",sports
Christian Bale to play villain in Marvel's 'Thor: Love and Thunder',"The upcoming Chris Hemsworth-starrer 'Thor: Love and Thunder' will feature Oscar winner actor Christian Bale as the main antagonist, Marvel Studios president Kevin Feige confirmed during Disney's Investor Day event. Christian will play Gorr the God Butcher in the fourth instalment of the 'Thor' franchise, which is being directed by filmmaker Taika Waititi.",entertainment
US startup claims to have made 1st 'no charging' solar EV,"US-based Aptera Motors has introduced the ""first solar electric vehicle"" that requires ""no charging"" for most daily use and has a range of up to over 1,600 kilometres per full charge. Every Aptera is designed to harvest enough sunlight to travel over 17,702 kilometres per year in most regions. Liquid-cooled electric motors propel Aptera from 0-100 kilometres/hour in 3.5 seconds.",technology
Joe Biden officially secures enough electors to become US President,"Joe Biden officially secured enough electors to become US President after Secretary of State of California Alex Padilla formally approved Biden's win in the state. Biden's tally of pledged electors has reached 279. A candidate needs 270 electoral votes to become US President. In November, Donald Trump's administration cleared the way for Biden to transition to the White House.",world
"Salman's 'Radhe' to release in theatres on Eid 2021, not on OTT","The makers of Salman Khan's upcoming film 'Radhe: Your Most Wanted Bhai' have denied the rumours of the film's OTT release. ""The producers are clear, #Radhe will release in cinemas, eyes #Eid2021 release,"" film trade analyst Taran Adarsh tweeted. 'Radhe: Your Most Wanted Bhai' was scheduled to release on Eid this year but was postponed due to the coronavirus pandemic.",entertainment
F1 driver who escaped burning car after 225-kmph crash shares video from hospital,"Formula One driver Romain Grosjean, whose car burst into flames and split into two after a 225-kmph crash at the Bahrain Grand Prix, took to social media to share a video from hospital. ""Hello everyone, I just wanted to say I am ok, well, sort of ok,"" Grosjean said in the video showing his bandaged hands.",sports
Journo tweets about being racially targeted 3 times in an hour at US airport,"A woman journalist tweeted about being racially targeted three times in an hour at a US airport, saying, ""An older man...said to me 'Ni Hao. Ching Chong'. 'Ching Chong' is a racial slur."" ""Minutes later...a young man...asked me if I spoke English,"" Amara Walker wrote. ""I'm still shaken and utterly confused as to the sequence of events today,"" she added.",world
"Bollywood lacks spine, should stand with their community: Vijender on farmers' protest","Amid the ongoing farmers' protests against the recently passed agricultural bills by the government, boxer Vijender Singh has criticised Bollywood for not supporting the farmers. ""When the oil prices were hitting the roof back in 2014, celebrities like Amitabh Bachchan and Akshay Kumar, were extremely critical of the then government...and now...they are nowhere to be found,"" he said.",sports
Got to know 10-15 mins before our bowling that I'll play: Chahal,"Leg-spinner Yuzvendra Chahal, who replaced Ravindra Jadeja as concussion substitute in the first T20I against Australia, was named Man of the Match for registering bowling figures of 4-0-25-3. Talking in the post-match conference, Chahal revealed that he got to know 10-15 minutes before Australia's innings that he'll play. ""I've played so many games and was mentally fit,"" he added.",sports
What were the most searched topics by Indians on Google in 2020?,"Google in its 'Year in Search' 2020 rankings revealed that top search term for Indians was 'Indian Premier League', followed by 'coronavirus'. Joe Biden, Arnab Goswami and Kanika Kapoor were the top three searched personalities. Food shelters, COVID-19 tests and crackers featured in the top 'Near me' searches, while 'How to' make paneer, dalgona coffee and increase immunity also trended.",technology
Bhim Army chief detained while on his way to join Bharat Bandh protest,"Bhim Army chief Chandrashekhar Azad on Tuesday said he'd been detained at his house by UP Police since morning. Azad was reportedly detained while on his way to join Bharat Bandh protest. ""India has again gone back into the Emergency era today. Our providers, the farmers need us, but the police under the Yogi government have detained me,"" said Azad.",politics
Has Tejashwi forgotten who made him Deputy CM?: Bihar CM in Assembly,"Bihar CM Nitish Kumar on Friday reportedly lost his temper in the Assembly after opposition leader Tejashwi Yadav made allegations against him during his hour-long speech. ""I've been listening to his (Tejashwi's) diatribe simply because he is the son of a friend whom I treat like a brother,"" said Nitish, adding, ""Has he forgotten who made him the deputy CM?""",politics
"Govt to set up 69,000 EV charging points across India: Gadkari","Road Transport and Highways Minister Nitin Gadkari said the government is planning to set up at least one e-charging kiosk at around 69,000 petrol pumps across the country to induce people to go for electric vehicles (EVs). Gadkari had asked industry stakeholders to work towards making India an EV hub by 2025. GST on EVs has been reduced to 5%.",automobile
Rare number plate 'O 10' from 1902 sells for â‚¹1.26 crore at auction in UK,"A rare number plate from 1902 was sold for Â£128,800 pounds (approximately â‚¹1.26 crore) at an auction in the UK. The number plate, first time on the market since 1902, was the only 10th number plate to be issued in Birmingham. The number plate was earlier used for cars including Austin A35s, Vauxhall Cavaliers, Cortinas, Peugeots and Jaguars.",automobile
Air pollution may affect mental health later in life: Study,"In a study of women aged 80 years and older, published in the Journal of the American Geriatrics Society, living in locations with higher exposure to air pollution was associated with increased depressive symptoms. Results also suggested that depressive symptoms might play a role in linking long-term air pollution exposure to memory decline more than 10 years after the exposure.",science
Indian fan proposes to Australian girlfriend in stands as Maxwell claps from field,"After the 20th over of India's innings in the second ODI against Australia, a Team India fan proposed to his Australian girlfriend in the stands. In a video that went viral, the fan can be seen going down on one knee and proposing to the girl, who nodded in affirmative. Australia all-rounder Glenn Maxwell was seen clapping from the field.",sports
Technical glitches improperly blocked Trump campaign ads: Facebook,"Facebook said technical glitches had disrupted the delivery of some ads from US President Donald Trump and Presidential candidate Joe Biden's campaigns. Facebook spotted ""unanticipated issues"" affecting the campaigns, including technical flaws that caused a number of ads to be ""paused improperly"". ""No ad was paused or rejected by a person, or because of any partisan consideration,"" Facebook said.",technology
SA-England ODI postponed an hour before start as SA player tests COVID-19 positive,England Cricket Board and Cricket South Africa have announced the postponement of the first ODI of the three-match series to Sunday. The ODI has been postponed just one hour before scheduled start today in Cape Town. This comes after a player from South Africa tested positive for COVID-19 after the teams' last round of scheduled testing performed on Thursday.,sports
'The Dirty Picture' actress Arya Banerjee found dead at her apartment,"'The Dirty Picture' actress Arya Banerjee was found dead at her apartment in Kolkata on Friday. Forensic experts found she was bleeding from her nose and had vomited. ""Like every day her maid had come to work and when she didn't get any response, she alerted her neighbours and the police were informed,"" a senior police officer said.",entertainment
Goa's former Governor Mridula Sinha passes away at 77,"Goa's former Governor and senior BJP leader Mridula Sinha passed away on Wednesday at the age of 77. She passed away days before her 78th birthday. Prime Minister Narendra Modi condoled her death and tweeted, ""Smt. Mridula Sinha Ji will be remembered for her efforts towards public service.""",politics
NASA shares 'how it started vs how it's going' pics of Stingray Nebula,"NASA has shared 'how it started vs how it's going' pictures of Stingray Nebula captured 20 years apart by its Hubble Space Telescope. NASA said the images ""show the nebula's changing shape and a dramatic loss of brightness."" In a blog shared by NASA, researchers said the nebula's central star SAO 244567 is cooling, which is leading to the changes.",science
Will be first to mass produce level 3 self-driving cars: Honda,"Japan's Honda Motor Company on Wednesday said it will be the world's first automaker to mass produce level 3 autonomous cars. There are six levels of vehicle autonomy from 0-5, ranging from basic functions like cruise control to fully self-driving cars. Currently, level 2 cars that require an alert driver are running on public roads.",automobile
Vidya's team's car stopped from entering forest as she 'rejected' minister's invite,"Vehicles of production team of Vidya Balan's upcoming film were allegedly stopped from entering a Madhya Pradesh forest for shooting. This was after she reportedly rejected Madhya Pradesh Forest Minister Vijay Shah's dinner invitation. Commenting on reports, Shah said, ""I was there on request from those who took permission for shoot and requested me for dinner. I said not possible.""",entertainment
"Referees, PSG, Basaksehir players take knee as Champions League game resumes","Players from Paris Saint-Germain and Istanbul Basaksehir took a knee together with the match officials before their Champions League game resumed on Wednesday. The match was called off on Tuesday after players from both sides left the field, alleging that the fourth official racially abused Basaksehir assistant coach. Earlier, players warmed up wearing T-shirts with 'No To Racism' message.",sports
US cybersecurity firm FireEye says it was hacked by a nation,"US cybersecurity firm FireEye said it was recently hit by a ""state-sponsored attack"" carried out by a ""highly sophisticated threat actor"". FireEye CEO Kevin Mandia concluded the attack was done by ""a nation with top-tier offensive capabilities"". The attack is being looked into by the Federal Bureau of Investigation (FBI) and Microsoft, whose initial analysis has supported FireEye's conclusion.",world
"Was sexualised as a child, it took away from my own sexuality: Portman","Natalie Portman opened up about her experience of being sexualised by older men as a child actress. ""I think [it] took away from my own sexuality...It made me afraid,"" she added. ""When I was in my teens I was like, 'I don't want to have any...make-out scenes'. I'd start choosing parts that were less sexy,"" the Oscar winner stated.",entertainment
"BJP, NCP both seek credit for Pune's Bhama Askhed project","After the Pune Municipal Corporation (PMC) claimed to have completed the work on Bhama Askhed dam project, both BJP and NCP have sought credit for the project. ""During BJP's tenure, the party had approved funds from the standing committee for this project,"" BJP's city unit president said. ""Project was approved by the Congress and NCP,"" NCP MLA Sunil Tingre responded.",politics
"UK PM Johnson announces ban on sale of petrol, diesel cars by 2030","UK PM Boris Johnson on Tuesday announced a ban on the sale of petrol and diesel cars in the country by 2030. The move is combined with $1.72 billion for new car charging infrastructure and $771 million in grants for buying electric cars. The ban is part of Johnson's  ""green industrial revolution"" to tackle climate change and generate more jobs.",automobile
Was aware of the net run rate but needed to win first: KKR's Morgan,"After the 60-run win against RR on Sunday, KKR captain Eoin Morgan said his side was more focussed on winning rather than the net run rate since a loss would have ended their campaign this season. ""Yes, I was aware of the numbers (about net run rate) but you need to first get yourself into a winning position,"" said Morgan.",sports
"Rohit fit to join Team India, call on playing Tests vs Aus after quarantine: BCCI","The BCCI on Saturday said that Rohit Sharma has completed his rehabilitation process at the NCA and is now ""clinically fit"". ""He will be reassessed by the Team India medical team post his quarantine [in Australia] to establish his fitness status and a call on his participation in the Border-Gavaskar Trophy will be taken accordingly,"" the BCCI added.",sports
Alexandria Ocasio-Cortez wins second term in US Congress,"Representative Alexandria Ocasio-Cortez of New York has won a second term in the US Congress, defeating John Cummings, a first-time Republican challenger. ""Serving NY-14 and fighting for working class families in Congress has been the greatest honour, privilege, & responsibility of my life,"" Cortez said on Twitter. Cummings had raised $10 million for his campaign while Cortez raised $17 million.",world
"Bricks hurled at BJP chief Nadda's convoy in Bengal, several injured","Bricks were hurled at the car convoy of BJP National President JP Nadda in West Bengal on Thursday. Protesters hurled stones at the vehicles of BJP leaders Kailash Vijayvargiya and Deepanjan Guha in Diamond Harbour. BJP leader Anupam Hazra claimed that many party workers were injured, adding that it was a pre-planned attack and the police were helping the protesters.",politics
He defined an era and a style: Craig on Connery's death,"Following the demise of Sir Sean Connery, Daniel Craig, who will play James Bond in his upcoming film 'No Time To Die', said, ""He (Connery) defined an era and a style."" Remembering Connery, who was the first actor to play Bond on screen, Craig added, ""He will continue to influence actors and filmmakers alike for years to come.""",entertainment
